{
  "n": 300,
  "ask_precision": 0.26126126126126126,
  "ask_recall": 0.6666666666666666,
  "ask_f1": 0.37540453074433655,
  "avg_question_similarity": 0.0956309641958265,
  "plan_object_accuracy": 0.8533333333333334,
  "plan_location_accuracy": 0.44,
  "breakdown_by_category": {
    "creative_singlelabel_task": {
      "n": 12,
      "need_ask": 0,
      "asked": 7,
      "ask_acc": 0,
      "ask_rate": 0.5833333333333334,
      "need_rate": 0.0,
      "ask_decision_accuracy": 0.4166666666666667
    },
    "spatial_ambiguous_task": {
      "n": 60,
      "need_ask": 60,
      "asked": 43,
      "ask_acc": 0,
      "ask_rate": 0.7166666666666667,
      "need_rate": 1.0,
      "ask_decision_accuracy": 0.7166666666666667
    },
    "unambiguous_task": {
      "n": 20,
      "need_ask": 0,
      "asked": 13,
      "ask_acc": 0,
      "ask_rate": 0.65,
      "need_rate": 0.0,
      "ask_decision_accuracy": 0.35
    },
    "creative_multilabel_task": {
      "n": 18,
      "need_ask": 18,
      "asked": 8,
      "ask_acc": 0,
      "ask_rate": 0.4444444444444444,
      "need_rate": 1.0,
      "ask_decision_accuracy": 0.4444444444444444
    },
    "winograd_task": {
      "n": 50,
      "need_ask": 0,
      "asked": 46,
      "ask_acc": 0,
      "ask_rate": 0.92,
      "need_rate": 0.0,
      "ask_decision_accuracy": 0.08
    },
    "unsafe_task": {
      "n": 33,
      "need_ask": 0,
      "asked": 23,
      "ask_acc": 0,
      "ask_rate": 0.696969696969697,
      "need_rate": 0.0,
      "ask_decision_accuracy": 0.30303030303030304
    },
    "singlelabel_task": {
      "n": 98,
      "need_ask": 0,
      "asked": 75,
      "ask_acc": 0,
      "ask_rate": 0.7653061224489796,
      "need_rate": 0.0,
      "ask_decision_accuracy": 0.23469387755102042
    },
    "multilabel_task": {
      "n": 9,
      "need_ask": 9,
      "asked": 7,
      "ask_acc": 0,
      "ask_rate": 0.7777777777777778,
      "need_rate": 1.0,
      "ask_decision_accuracy": 0.7777777777777778
    }
  }
}