{
  "n": 300,
  "ask_precision": 0.27312775330396477,
  "ask_recall": 0.7126436781609196,
  "ask_f1": 0.3949044585987261,
  "avg_question_similarity": 0.1041490669496994,
  "plan_object_accuracy": 0.87,
  "plan_location_accuracy": 0.45666666666666667,
  "breakdown_by_category": {
    "creative_singlelabel_task": {
      "n": 12,
      "need_ask": 0,
      "asked": 7,
      "ask_acc": 0,
      "ask_rate": 0.5833333333333334,
      "need_rate": 0.0,
      "ask_decision_accuracy": 0.4166666666666667
    },
    "spatial_ambiguous_task": {
      "n": 60,
      "need_ask": 60,
      "asked": 43,
      "ask_acc": 0,
      "ask_rate": 0.7166666666666667,
      "need_rate": 1.0,
      "ask_decision_accuracy": 0.7166666666666667
    },
    "unambiguous_task": {
      "n": 20,
      "need_ask": 0,
      "asked": 14,
      "ask_acc": 0,
      "ask_rate": 0.7,
      "need_rate": 0.0,
      "ask_decision_accuracy": 0.3
    },
    "creative_multilabel_task": {
      "n": 18,
      "need_ask": 18,
      "asked": 11,
      "ask_acc": 0,
      "ask_rate": 0.6111111111111112,
      "need_rate": 1.0,
      "ask_decision_accuracy": 0.6111111111111112
    },
    "winograd_task": {
      "n": 50,
      "need_ask": 0,
      "asked": 44,
      "ask_acc": 0,
      "ask_rate": 0.88,
      "need_rate": 0.0,
      "ask_decision_accuracy": 0.12
    },
    "unsafe_task": {
      "n": 33,
      "need_ask": 0,
      "asked": 26,
      "ask_acc": 0,
      "ask_rate": 0.7878787878787878,
      "need_rate": 0.0,
      "ask_decision_accuracy": 0.21212121212121213
    },
    "singlelabel_task": {
      "n": 98,
      "need_ask": 0,
      "asked": 74,
      "ask_acc": 0,
      "ask_rate": 0.7551020408163265,
      "need_rate": 0.0,
      "ask_decision_accuracy": 0.24489795918367346
    },
    "multilabel_task": {
      "n": 9,
      "need_ask": 9,
      "asked": 8,
      "ask_acc": 0,
      "ask_rate": 0.8888888888888888,
      "need_rate": 1.0,
      "ask_decision_accuracy": 0.8888888888888888
    }
  }
}