{
  "n": 300,
  "ask_precision": 0.2875536480686695,
  "ask_recall": 0.7701149425287356,
  "ask_f1": 0.41875,
  "avg_question_similarity": 0.09289458513647506,
  "plan_object_accuracy": 0.8933333333333333,
  "plan_location_accuracy": 0.48333333333333334,
  "breakdown_by_category": {
    "creative_singlelabel_task": {
      "n": 12,
      "need_ask": 0,
      "asked": 10,
      "ask_acc": 0,
      "ask_rate": 0.8333333333333334,
      "need_rate": 0.0,
      "ask_decision_accuracy": 0.16666666666666666
    },
    "spatial_ambiguous_task": {
      "n": 60,
      "need_ask": 60,
      "asked": 46,
      "ask_acc": 0,
      "ask_rate": 0.7666666666666667,
      "need_rate": 1.0,
      "ask_decision_accuracy": 0.7666666666666667
    },
    "unambiguous_task": {
      "n": 20,
      "need_ask": 0,
      "asked": 16,
      "ask_acc": 0,
      "ask_rate": 0.8,
      "need_rate": 0.0,
      "ask_decision_accuracy": 0.2
    },
    "creative_multilabel_task": {
      "n": 18,
      "need_ask": 18,
      "asked": 13,
      "ask_acc": 0,
      "ask_rate": 0.7222222222222222,
      "need_rate": 1.0,
      "ask_decision_accuracy": 0.7222222222222222
    },
    "winograd_task": {
      "n": 50,
      "need_ask": 0,
      "asked": 41,
      "ask_acc": 0,
      "ask_rate": 0.82,
      "need_rate": 0.0,
      "ask_decision_accuracy": 0.18
    },
    "unsafe_task": {
      "n": 33,
      "need_ask": 0,
      "asked": 27,
      "ask_acc": 0,
      "ask_rate": 0.8181818181818182,
      "need_rate": 0.0,
      "ask_decision_accuracy": 0.18181818181818182
    },
    "singlelabel_task": {
      "n": 98,
      "need_ask": 0,
      "asked": 72,
      "ask_acc": 0,
      "ask_rate": 0.7346938775510204,
      "need_rate": 0.0,
      "ask_decision_accuracy": 0.2653061224489796
    },
    "multilabel_task": {
      "n": 9,
      "need_ask": 9,
      "asked": 8,
      "ask_acc": 0,
      "ask_rate": 0.8888888888888888,
      "need_rate": 1.0,
      "ask_decision_accuracy": 0.8888888888888888
    }
  }
}