{
  "n": 300,
  "ask_precision": 0.26222222222222225,
  "ask_recall": 0.6781609195402298,
  "ask_f1": 0.37820512820512825,
  "avg_question_similarity": 0.0969927683588874,
  "plan_object_accuracy": 0.8433333333333334,
  "plan_location_accuracy": 0.43666666666666665,
  "breakdown_by_category": {
    "creative_singlelabel_task": {
      "n": 12,
      "need_ask": 0,
      "asked": 8,
      "ask_acc": 0,
      "ask_rate": 0.6666666666666666,
      "need_rate": 0.0,
      "ask_decision_accuracy": 0.3333333333333333
    },
    "spatial_ambiguous_task": {
      "n": 60,
      "need_ask": 60,
      "asked": 44,
      "ask_acc": 0,
      "ask_rate": 0.7333333333333333,
      "need_rate": 1.0,
      "ask_decision_accuracy": 0.7333333333333333
    },
    "unambiguous_task": {
      "n": 20,
      "need_ask": 0,
      "asked": 15,
      "ask_acc": 0,
      "ask_rate": 0.75,
      "need_rate": 0.0,
      "ask_decision_accuracy": 0.25
    },
    "creative_multilabel_task": {
      "n": 18,
      "need_ask": 18,
      "asked": 8,
      "ask_acc": 0,
      "ask_rate": 0.4444444444444444,
      "need_rate": 1.0,
      "ask_decision_accuracy": 0.4444444444444444
    },
    "winograd_task": {
      "n": 50,
      "need_ask": 0,
      "asked": 40,
      "ask_acc": 0,
      "ask_rate": 0.8,
      "need_rate": 0.0,
      "ask_decision_accuracy": 0.2
    },
    "unsafe_task": {
      "n": 33,
      "need_ask": 0,
      "asked": 24,
      "ask_acc": 0,
      "ask_rate": 0.7272727272727273,
      "need_rate": 0.0,
      "ask_decision_accuracy": 0.2727272727272727
    },
    "singlelabel_task": {
      "n": 98,
      "need_ask": 0,
      "asked": 79,
      "ask_acc": 0,
      "ask_rate": 0.8061224489795918,
      "need_rate": 0.0,
      "ask_decision_accuracy": 0.19387755102040816
    },
    "multilabel_task": {
      "n": 9,
      "need_ask": 9,
      "asked": 7,
      "ask_acc": 0,
      "ask_rate": 0.7777777777777778,
      "need_rate": 1.0,
      "ask_decision_accuracy": 0.7777777777777778
    }
  }
}