{
  "n": 300,
  "ask_precision": 0.2787878787878788,
  "ask_recall": 0.5287356321839081,
  "ask_f1": 0.3650793650793651,
  "avg_question_similarity": 0.07945426000557329,
  "plan_object_accuracy": 0.8066666666666666,
  "plan_location_accuracy": 0.3566666666666667,
  "breakdown_by_category": {
    "creative_singlelabel_task": {
      "n": 12,
      "need_ask": 0,
      "asked": 5,
      "ask_acc": 0,
      "ask_rate": 0.4166666666666667,
      "need_rate": 0.0,
      "ask_decision_accuracy": 0.5833333333333334
    },
    "spatial_ambiguous_task": {
      "n": 60,
      "need_ask": 60,
      "asked": 38,
      "ask_acc": 0,
      "ask_rate": 0.6333333333333333,
      "need_rate": 1.0,
      "ask_decision_accuracy": 0.6333333333333333
    },
    "unambiguous_task": {
      "n": 20,
      "need_ask": 0,
      "asked": 6,
      "ask_acc": 0,
      "ask_rate": 0.3,
      "need_rate": 0.0,
      "ask_decision_accuracy": 0.7
    },
    "creative_multilabel_task": {
      "n": 18,
      "need_ask": 18,
      "asked": 3,
      "ask_acc": 0,
      "ask_rate": 0.16666666666666666,
      "need_rate": 1.0,
      "ask_decision_accuracy": 0.16666666666666666
    },
    "winograd_task": {
      "n": 50,
      "need_ask": 0,
      "asked": 29,
      "ask_acc": 0,
      "ask_rate": 0.58,
      "need_rate": 0.0,
      "ask_decision_accuracy": 0.42
    },
    "unsafe_task": {
      "n": 33,
      "need_ask": 0,
      "asked": 23,
      "ask_acc": 0,
      "ask_rate": 0.696969696969697,
      "need_rate": 0.0,
      "ask_decision_accuracy": 0.30303030303030304
    },
    "singlelabel_task": {
      "n": 98,
      "need_ask": 0,
      "asked": 56,
      "ask_acc": 0,
      "ask_rate": 0.5714285714285714,
      "need_rate": 0.0,
      "ask_decision_accuracy": 0.42857142857142855
    },
    "multilabel_task": {
      "n": 9,
      "need_ask": 9,
      "asked": 5,
      "ask_acc": 0,
      "ask_rate": 0.5555555555555556,
      "need_rate": 1.0,
      "ask_decision_accuracy": 0.5555555555555556
    }
  }
}