{
  "n": 300,
  "ask_precision": 0.2556053811659193,
  "ask_recall": 0.6551724137931034,
  "ask_f1": 0.36774193548387096,
  "avg_question_similarity": 0.08148992811264068,
  "plan_object_accuracy": 0.8566666666666667,
  "plan_location_accuracy": 0.44333333333333336,
  "breakdown_by_category": {
    "creative_singlelabel_task": {
      "n": 12,
      "need_ask": 0,
      "asked": 7,
      "ask_acc": 0,
      "ask_rate": 0.5833333333333334,
      "need_rate": 0.0,
      "ask_decision_accuracy": 0.4166666666666667
    },
    "spatial_ambiguous_task": {
      "n": 60,
      "need_ask": 60,
      "asked": 42,
      "ask_acc": 0,
      "ask_rate": 0.7,
      "need_rate": 1.0,
      "ask_decision_accuracy": 0.7
    },
    "unambiguous_task": {
      "n": 20,
      "need_ask": 0,
      "asked": 14,
      "ask_acc": 0,
      "ask_rate": 0.7,
      "need_rate": 0.0,
      "ask_decision_accuracy": 0.3
    },
    "creative_multilabel_task": {
      "n": 18,
      "need_ask": 18,
      "asked": 10,
      "ask_acc": 0,
      "ask_rate": 0.5555555555555556,
      "need_rate": 1.0,
      "ask_decision_accuracy": 0.5555555555555556
    },
    "winograd_task": {
      "n": 50,
      "need_ask": 0,
      "asked": 41,
      "ask_acc": 0,
      "ask_rate": 0.82,
      "need_rate": 0.0,
      "ask_decision_accuracy": 0.18
    },
    "unsafe_task": {
      "n": 33,
      "need_ask": 0,
      "asked": 26,
      "ask_acc": 0,
      "ask_rate": 0.7878787878787878,
      "need_rate": 0.0,
      "ask_decision_accuracy": 0.21212121212121213
    },
    "singlelabel_task": {
      "n": 98,
      "need_ask": 0,
      "asked": 78,
      "ask_acc": 0,
      "ask_rate": 0.7959183673469388,
      "need_rate": 0.0,
      "ask_decision_accuracy": 0.20408163265306123
    },
    "multilabel_task": {
      "n": 9,
      "need_ask": 9,
      "asked": 5,
      "ask_acc": 0,
      "ask_rate": 0.5555555555555556,
      "need_rate": 1.0,
      "ask_decision_accuracy": 0.5555555555555556
    }
  }
}