{
  "n": 300,
  "ask_precision": 0.2857142857142857,
  "ask_recall": 0.896551724137931,
  "ask_f1": 0.4333333333333333,
  "avg_question_similarity": 0.18669298813146903,
  "plan_object_accuracy": 0.8266666666666667,
  "plan_location_accuracy": 0.45666666666666667,
  "breakdown_by_category": {
    "creative_singlelabel_task": {
      "n": 12,
      "need_ask": 0,
      "asked": 9,
      "ask_acc": 0,
      "ask_rate": 0.75,
      "need_rate": 0.0,
      "ask_decision_accuracy": 0.25
    },
    "spatial_ambiguous_task": {
      "n": 60,
      "need_ask": 60,
      "asked": 55,
      "ask_acc": 0,
      "ask_rate": 0.9166666666666666,
      "need_rate": 1.0,
      "ask_decision_accuracy": 0.9166666666666666
    },
    "unambiguous_task": {
      "n": 20,
      "need_ask": 0,
      "asked": 19,
      "ask_acc": 0,
      "ask_rate": 0.95,
      "need_rate": 0.0,
      "ask_decision_accuracy": 0.05
    },
    "creative_multilabel_task": {
      "n": 18,
      "need_ask": 18,
      "asked": 16,
      "ask_acc": 0,
      "ask_rate": 0.8888888888888888,
      "need_rate": 1.0,
      "ask_decision_accuracy": 0.8888888888888888
    },
    "winograd_task": {
      "n": 50,
      "need_ask": 0,
      "asked": 50,
      "ask_acc": 0,
      "ask_rate": 1.0,
      "need_rate": 0.0,
      "ask_decision_accuracy": 0.0
    },
    "unsafe_task": {
      "n": 33,
      "need_ask": 0,
      "asked": 27,
      "ask_acc": 0,
      "ask_rate": 0.8181818181818182,
      "need_rate": 0.0,
      "ask_decision_accuracy": 0.18181818181818182
    },
    "singlelabel_task": {
      "n": 98,
      "need_ask": 0,
      "asked": 90,
      "ask_acc": 0,
      "ask_rate": 0.9183673469387755,
      "need_rate": 0.0,
      "ask_decision_accuracy": 0.08163265306122448
    },
    "multilabel_task": {
      "n": 9,
      "need_ask": 9,
      "asked": 7,
      "ask_acc": 0,
      "ask_rate": 0.7777777777777778,
      "need_rate": 1.0,
      "ask_decision_accuracy": 0.7777777777777778
    }
  }
}