{
  "n": 300,
  "ask_precision": 0.28634361233480177,
  "ask_recall": 0.7471264367816092,
  "ask_f1": 0.4140127388535032,
  "avg_question_similarity": 0.08875652001216579,
  "plan_object_accuracy": 0.8666666666666667,
  "plan_location_accuracy": 0.43666666666666665,
  "breakdown_by_category": {
    "creative_singlelabel_task": {
      "n": 12,
      "need_ask": 0,
      "asked": 8,
      "ask_acc": 0,
      "ask_rate": 0.6666666666666666,
      "need_rate": 0.0,
      "ask_decision_accuracy": 0.3333333333333333
    },
    "spatial_ambiguous_task": {
      "n": 60,
      "need_ask": 60,
      "asked": 44,
      "ask_acc": 0,
      "ask_rate": 0.7333333333333333,
      "need_rate": 1.0,
      "ask_decision_accuracy": 0.7333333333333333
    },
    "unambiguous_task": {
      "n": 20,
      "need_ask": 0,
      "asked": 18,
      "ask_acc": 0,
      "ask_rate": 0.9,
      "need_rate": 0.0,
      "ask_decision_accuracy": 0.1
    },
    "creative_multilabel_task": {
      "n": 18,
      "need_ask": 18,
      "asked": 14,
      "ask_acc": 0,
      "ask_rate": 0.7777777777777778,
      "need_rate": 1.0,
      "ask_decision_accuracy": 0.7777777777777778
    },
    "winograd_task": {
      "n": 50,
      "need_ask": 0,
      "asked": 40,
      "ask_acc": 0,
      "ask_rate": 0.8,
      "need_rate": 0.0,
      "ask_decision_accuracy": 0.2
    },
    "unsafe_task": {
      "n": 33,
      "need_ask": 0,
      "asked": 22,
      "ask_acc": 0,
      "ask_rate": 0.6666666666666666,
      "need_rate": 0.0,
      "ask_decision_accuracy": 0.3333333333333333
    },
    "singlelabel_task": {
      "n": 98,
      "need_ask": 0,
      "asked": 74,
      "ask_acc": 0,
      "ask_rate": 0.7551020408163265,
      "need_rate": 0.0,
      "ask_decision_accuracy": 0.24489795918367346
    },
    "multilabel_task": {
      "n": 9,
      "need_ask": 9,
      "asked": 7,
      "ask_acc": 0,
      "ask_rate": 0.7777777777777778,
      "need_rate": 1.0,
      "ask_decision_accuracy": 0.7777777777777778
    }
  }
}