{
  "n": 300,
  "ask_precision": 0.25217391304347825,
  "ask_recall": 0.6666666666666666,
  "ask_f1": 0.3659305993690852,
  "avg_question_similarity": 0.09081137455260765,
  "plan_object_accuracy": 0.8666666666666667,
  "plan_location_accuracy": 0.44333333333333336,
  "breakdown_by_category": {
    "creative_singlelabel_task": {
      "n": 12,
      "need_ask": 0,
      "asked": 11,
      "ask_acc": 0,
      "ask_rate": 0.9166666666666666,
      "need_rate": 0.0,
      "ask_decision_accuracy": 0.08333333333333333
    },
    "spatial_ambiguous_task": {
      "n": 60,
      "need_ask": 60,
      "asked": 39,
      "ask_acc": 0,
      "ask_rate": 0.65,
      "need_rate": 1.0,
      "ask_decision_accuracy": 0.65
    },
    "unambiguous_task": {
      "n": 20,
      "need_ask": 0,
      "asked": 19,
      "ask_acc": 0,
      "ask_rate": 0.95,
      "need_rate": 0.0,
      "ask_decision_accuracy": 0.05
    },
    "creative_multilabel_task": {
      "n": 18,
      "need_ask": 18,
      "asked": 13,
      "ask_acc": 0,
      "ask_rate": 0.7222222222222222,
      "need_rate": 1.0,
      "ask_decision_accuracy": 0.7222222222222222
    },
    "winograd_task": {
      "n": 50,
      "need_ask": 0,
      "asked": 42,
      "ask_acc": 0,
      "ask_rate": 0.84,
      "need_rate": 0.0,
      "ask_decision_accuracy": 0.16
    },
    "unsafe_task": {
      "n": 33,
      "need_ask": 0,
      "asked": 26,
      "ask_acc": 0,
      "ask_rate": 0.7878787878787878,
      "need_rate": 0.0,
      "ask_decision_accuracy": 0.21212121212121213
    },
    "singlelabel_task": {
      "n": 98,
      "need_ask": 0,
      "asked": 74,
      "ask_acc": 0,
      "ask_rate": 0.7551020408163265,
      "need_rate": 0.0,
      "ask_decision_accuracy": 0.24489795918367346
    },
    "multilabel_task": {
      "n": 9,
      "need_ask": 9,
      "asked": 6,
      "ask_acc": 0,
      "ask_rate": 0.6666666666666666,
      "need_rate": 1.0,
      "ask_decision_accuracy": 0.6666666666666666
    }
  }
}