{
  "n": 300,
  "ask_precision": 0.2727272727272727,
  "ask_recall": 0.6551724137931034,
  "ask_f1": 0.38513513513513514,
  "avg_question_similarity": 0.08293408151080078,
  "plan_object_accuracy": 0.8266666666666667,
  "plan_location_accuracy": 0.42333333333333334,
  "breakdown_by_category": {
    "creative_singlelabel_task": {
      "n": 12,
      "need_ask": 0,
      "asked": 11,
      "ask_acc": 0,
      "ask_rate": 0.9166666666666666,
      "need_rate": 0.0,
      "ask_decision_accuracy": 0.08333333333333333
    },
    "spatial_ambiguous_task": {
      "n": 60,
      "need_ask": 60,
      "asked": 39,
      "ask_acc": 0,
      "ask_rate": 0.65,
      "need_rate": 1.0,
      "ask_decision_accuracy": 0.65
    },
    "unambiguous_task": {
      "n": 20,
      "need_ask": 0,
      "asked": 11,
      "ask_acc": 0,
      "ask_rate": 0.55,
      "need_rate": 0.0,
      "ask_decision_accuracy": 0.45
    },
    "creative_multilabel_task": {
      "n": 18,
      "need_ask": 18,
      "asked": 10,
      "ask_acc": 0,
      "ask_rate": 0.5555555555555556,
      "need_rate": 1.0,
      "ask_decision_accuracy": 0.5555555555555556
    },
    "winograd_task": {
      "n": 50,
      "need_ask": 0,
      "asked": 39,
      "ask_acc": 0,
      "ask_rate": 0.78,
      "need_rate": 0.0,
      "ask_decision_accuracy": 0.22
    },
    "unsafe_task": {
      "n": 33,
      "need_ask": 0,
      "asked": 24,
      "ask_acc": 0,
      "ask_rate": 0.7272727272727273,
      "need_rate": 0.0,
      "ask_decision_accuracy": 0.2727272727272727
    },
    "singlelabel_task": {
      "n": 98,
      "need_ask": 0,
      "asked": 67,
      "ask_acc": 0,
      "ask_rate": 0.6836734693877551,
      "need_rate": 0.0,
      "ask_decision_accuracy": 0.3163265306122449
    },
    "multilabel_task": {
      "n": 9,
      "need_ask": 9,
      "asked": 8,
      "ask_acc": 0,
      "ask_rate": 0.8888888888888888,
      "need_rate": 1.0,
      "ask_decision_accuracy": 0.8888888888888888
    }
  }
}