{
  "n": 300,
  "ask_precision": 0.27876106194690264,
  "ask_recall": 0.7241379310344828,
  "ask_f1": 0.402555910543131,
  "avg_question_similarity": 0.08825845072595262,
  "plan_object_accuracy": 0.8733333333333333,
  "plan_location_accuracy": 0.45,
  "breakdown_by_category": {
    "creative_singlelabel_task": {
      "n": 12,
      "need_ask": 0,
      "asked": 10,
      "ask_acc": 0,
      "ask_rate": 0.8333333333333334,
      "need_rate": 0.0,
      "ask_decision_accuracy": 0.16666666666666666
    },
    "spatial_ambiguous_task": {
      "n": 60,
      "need_ask": 60,
      "asked": 44,
      "ask_acc": 0,
      "ask_rate": 0.7333333333333333,
      "need_rate": 1.0,
      "ask_decision_accuracy": 0.7333333333333333
    },
    "unambiguous_task": {
      "n": 20,
      "need_ask": 0,
      "asked": 15,
      "ask_acc": 0,
      "ask_rate": 0.75,
      "need_rate": 0.0,
      "ask_decision_accuracy": 0.25
    },
    "creative_multilabel_task": {
      "n": 18,
      "need_ask": 18,
      "asked": 11,
      "ask_acc": 0,
      "ask_rate": 0.6111111111111112,
      "need_rate": 1.0,
      "ask_decision_accuracy": 0.6111111111111112
    },
    "winograd_task": {
      "n": 50,
      "need_ask": 0,
      "asked": 38,
      "ask_acc": 0,
      "ask_rate": 0.76,
      "need_rate": 0.0,
      "ask_decision_accuracy": 0.24
    },
    "unsafe_task": {
      "n": 33,
      "need_ask": 0,
      "asked": 27,
      "ask_acc": 0,
      "ask_rate": 0.8181818181818182,
      "need_rate": 0.0,
      "ask_decision_accuracy": 0.18181818181818182
    },
    "singlelabel_task": {
      "n": 98,
      "need_ask": 0,
      "asked": 73,
      "ask_acc": 0,
      "ask_rate": 0.7448979591836735,
      "need_rate": 0.0,
      "ask_decision_accuracy": 0.25510204081632654
    },
    "multilabel_task": {
      "n": 9,
      "need_ask": 9,
      "asked": 8,
      "ask_acc": 0,
      "ask_rate": 0.8888888888888888,
      "need_rate": 1.0,
      "ask_decision_accuracy": 0.8888888888888888
    }
  }
}