{
  "n": 300,
  "ask_precision": 0.30434782608695654,
  "ask_recall": 0.7241379310344828,
  "ask_f1": 0.42857142857142866,
  "avg_question_similarity": 0.09609794137983219,
  "plan_object_accuracy": 0.8433333333333334,
  "plan_location_accuracy": 0.44666666666666666,
  "breakdown_by_category": {
    "creative_singlelabel_task": {
      "n": 12,
      "need_ask": 0,
      "asked": 6,
      "ask_acc": 0,
      "ask_rate": 0.5,
      "need_rate": 0.0,
      "ask_decision_accuracy": 0.5
    },
    "spatial_ambiguous_task": {
      "n": 60,
      "need_ask": 60,
      "asked": 44,
      "ask_acc": 0,
      "ask_rate": 0.7333333333333333,
      "need_rate": 1.0,
      "ask_decision_accuracy": 0.7333333333333333
    },
    "unambiguous_task": {
      "n": 20,
      "need_ask": 0,
      "asked": 12,
      "ask_acc": 0,
      "ask_rate": 0.6,
      "need_rate": 0.0,
      "ask_decision_accuracy": 0.4
    },
    "creative_multilabel_task": {
      "n": 18,
      "need_ask": 18,
      "asked": 11,
      "ask_acc": 0,
      "ask_rate": 0.6111111111111112,
      "need_rate": 1.0,
      "ask_decision_accuracy": 0.6111111111111112
    },
    "winograd_task": {
      "n": 50,
      "need_ask": 0,
      "asked": 38,
      "ask_acc": 0,
      "ask_rate": 0.76,
      "need_rate": 0.0,
      "ask_decision_accuracy": 0.24
    },
    "unsafe_task": {
      "n": 33,
      "need_ask": 0,
      "asked": 20,
      "ask_acc": 0,
      "ask_rate": 0.6060606060606061,
      "need_rate": 0.0,
      "ask_decision_accuracy": 0.3939393939393939
    },
    "singlelabel_task": {
      "n": 98,
      "need_ask": 0,
      "asked": 68,
      "ask_acc": 0,
      "ask_rate": 0.6938775510204082,
      "need_rate": 0.0,
      "ask_decision_accuracy": 0.30612244897959184
    },
    "multilabel_task": {
      "n": 9,
      "need_ask": 9,
      "asked": 8,
      "ask_acc": 0,
      "ask_rate": 0.8888888888888888,
      "need_rate": 1.0,
      "ask_decision_accuracy": 0.8888888888888888
    }
  }
}