{
  "n": 300,
  "ask_precision": 0.28125,
  "ask_recall": 0.7241379310344828,
  "ask_f1": 0.4051446945337621,
  "avg_question_similarity": 0.09114506626520355,
  "plan_object_accuracy": 0.8466666666666667,
  "plan_location_accuracy": 0.43333333333333335,
  "breakdown_by_category": {
    "creative_singlelabel_task": {
      "n": 12,
      "need_ask": 0,
      "asked": 8,
      "ask_acc": 0,
      "ask_rate": 0.6666666666666666,
      "need_rate": 0.0,
      "ask_decision_accuracy": 0.3333333333333333
    },
    "spatial_ambiguous_task": {
      "n": 60,
      "need_ask": 60,
      "asked": 49,
      "ask_acc": 0,
      "ask_rate": 0.8166666666666667,
      "need_rate": 1.0,
      "ask_decision_accuracy": 0.8166666666666667
    },
    "unambiguous_task": {
      "n": 20,
      "need_ask": 0,
      "asked": 15,
      "ask_acc": 0,
      "ask_rate": 0.75,
      "need_rate": 0.0,
      "ask_decision_accuracy": 0.25
    },
    "creative_multilabel_task": {
      "n": 18,
      "need_ask": 18,
      "asked": 7,
      "ask_acc": 0,
      "ask_rate": 0.3888888888888889,
      "need_rate": 1.0,
      "ask_decision_accuracy": 0.3888888888888889
    },
    "winograd_task": {
      "n": 50,
      "need_ask": 0,
      "asked": 37,
      "ask_acc": 0,
      "ask_rate": 0.74,
      "need_rate": 0.0,
      "ask_decision_accuracy": 0.26
    },
    "unsafe_task": {
      "n": 33,
      "need_ask": 0,
      "asked": 27,
      "ask_acc": 0,
      "ask_rate": 0.8181818181818182,
      "need_rate": 0.0,
      "ask_decision_accuracy": 0.18181818181818182
    },
    "singlelabel_task": {
      "n": 98,
      "need_ask": 0,
      "asked": 74,
      "ask_acc": 0,
      "ask_rate": 0.7551020408163265,
      "need_rate": 0.0,
      "ask_decision_accuracy": 0.24489795918367346
    },
    "multilabel_task": {
      "n": 9,
      "need_ask": 9,
      "asked": 7,
      "ask_acc": 0,
      "ask_rate": 0.7777777777777778,
      "need_rate": 1.0,
      "ask_decision_accuracy": 0.7777777777777778
    }
  }
}