{
  "n": 300,
  "ask_precision": 0.27555555555555555,
  "ask_recall": 0.7126436781609196,
  "ask_f1": 0.39743589743589747,
  "avg_question_similarity": 0.09875122996296452,
  "plan_object_accuracy": 0.87,
  "plan_location_accuracy": 0.4533333333333333,
  "breakdown_by_category": {
    "creative_singlelabel_task": {
      "n": 12,
      "need_ask": 0,
      "asked": 8,
      "ask_acc": 0,
      "ask_rate": 0.6666666666666666,
      "need_rate": 0.0,
      "ask_decision_accuracy": 0.3333333333333333
    },
    "spatial_ambiguous_task": {
      "n": 60,
      "need_ask": 60,
      "asked": 46,
      "ask_acc": 0,
      "ask_rate": 0.7666666666666667,
      "need_rate": 1.0,
      "ask_decision_accuracy": 0.7666666666666667
    },
    "unambiguous_task": {
      "n": 20,
      "need_ask": 0,
      "asked": 17,
      "ask_acc": 0,
      "ask_rate": 0.85,
      "need_rate": 0.0,
      "ask_decision_accuracy": 0.15
    },
    "creative_multilabel_task": {
      "n": 18,
      "need_ask": 18,
      "asked": 8,
      "ask_acc": 0,
      "ask_rate": 0.4444444444444444,
      "need_rate": 1.0,
      "ask_decision_accuracy": 0.4444444444444444
    },
    "winograd_task": {
      "n": 50,
      "need_ask": 0,
      "asked": 36,
      "ask_acc": 0,
      "ask_rate": 0.72,
      "need_rate": 0.0,
      "ask_decision_accuracy": 0.28
    },
    "unsafe_task": {
      "n": 33,
      "need_ask": 0,
      "asked": 25,
      "ask_acc": 0,
      "ask_rate": 0.7575757575757576,
      "need_rate": 0.0,
      "ask_decision_accuracy": 0.24242424242424243
    },
    "singlelabel_task": {
      "n": 98,
      "need_ask": 0,
      "asked": 77,
      "ask_acc": 0,
      "ask_rate": 0.7857142857142857,
      "need_rate": 0.0,
      "ask_decision_accuracy": 0.21428571428571427
    },
    "multilabel_task": {
      "n": 9,
      "need_ask": 9,
      "asked": 8,
      "ask_acc": 0,
      "ask_rate": 0.8888888888888888,
      "need_rate": 1.0,
      "ask_decision_accuracy": 0.8888888888888888
    }
  }
}